<?xml version="1.0" encoding="UTF-8"?>
<project xmlns="http://maven.apache.org/POM/4.0.0" xmlns:xsi="http://www.w3.org/2001/XMLSchema-instance" xsi:schemaLocation="http://maven.apache.org/POM/4.0.0 http://maven.apache.org/maven-v4_0_0.xsd">
  <modelVersion>4.0.0</modelVersion>
  <groupId>com.atlassian.jira.examples</groupId>
  <artifactId>jrjc-example-client</artifactId>
  <name>JIRA REST Java Client Example</name>
  <version>1.0-SNAPSHOT</version>
  <description>Example usage of the JIRA REST Java Client ("JRJC") library as a stand-alone utility.</description>
  <url>https://bitbucket.org/jaysee00/jrjc-example-client</url>
  <contributors>
    <contributor>
      <name>Joe Clark</name>
      <email>jclark@atlassian.com</email>
      <organization>Atlassian</organization>
      <roles>
        <role>Developer</role>
      </roles>
    </contributor>
  </contributors>
  <licenses>
    <license>
      <name>Apache License 2.0</name>
      <url>http://www.apache.org/licenses/LICENSE-2.0</url>
      <distribution>repo</distribution>
    </license>
  </licenses>
  <organization>
    <name>Atlassian</name>
    <url>https://www.atlassian.com</url>
  </organization>
  <build>
    <plugins>
      <plugin>
        <artifactId>maven-compiler-plugin</artifactId>
        <version>2.5</version>
        <configuration>
          <source>1.6</source>
          <target>1.6</target>
        </configuration>
      </plugin>
      <plugin>
        <artifactId>maven-shade-plugin</artifactId>
        <version>2.0</version>
        <executions>
          <execution>
            <phase>package</phase>
            <goals>
              <goal>shade</goal>
            </goals>
          </execution>
        </executions>
        <configuration>
          <transformers>
            <transformer>
              <mainClass>com.atlassian.jira.examples.Main</mainClass>
            </transformer>
          </transformers>
        </configuration>
      </plugin>
    </plugins>
  </build>
  <repositories>
    <repository>
      <releases>
        <checksumPolicy>warn</checksumPolicy>
      </releases>
      <snapshots>
        <updatePolicy>daily</updatePolicy>
        <checksumPolicy>warn</checksumPolicy>
      </snapshots>
      <id>atlassian-public</id>
      <url>https://m2proxy.atlassian.com/repository/public</url>
    </repository>
  </repositories>
  <dependencies>
    <dependency>
      <groupId>com.atlassian.refapp</groupId>
      <artifactId>atlassian-platform-libraries</artifactId>
      <version>2.7.0</version>
      <type>pom</type>
      <scope>import</scope>
    </dependency>
    <dependency>
      <groupId>org.hamcrest</groupId>
      <artifactId>hamcrest-core</artifactId>
      <version>1.2.1</version>
      <scope>test</scope>
    </dependency>
    <dependency>
      <groupId>junit</groupId>
      <artifactId>junit</artifactId>
      <version>4.8.1</version>
      <scope>test</scope>
    </dependency>
    <dependency>
      <groupId>org.hamcrest</groupId>
      <artifactId>hamcrest-library</artifactId>
      <version>1.2.1</version>
      <scope>test</scope>
    </dependency>
    <dependency>
      <groupId>org.apache.commons</groupId>
      <artifactId>commons-io</artifactId>
      <version>1.3.2</version>
      <scope>test</scope>
    </dependency>
    <dependency>
      <groupId>com.atlassian.jira</groupId>
      <artifactId>jira-func-tests</artifactId>
      <version>5.0</version>
      <scope>test</scope>
      <exclusions>
        <exclusion>
          <artifactId>jersey-server</artifactId>
          <groupId>com.sun.jersey</groupId>
        </exclusion>
        <exclusion>
          <artifactId>jms</artifactId>
          <groupId>javax.jms</groupId>
        </exclusion>
      </exclusions>
    </dependency>
    <dependency>
      <groupId>com.atlassian.jira</groupId>
      <artifactId>jira-nimble-func-tests</artifactId>
      <version>0.2.1</version>
      <scope>test</scope>
    </dependency>
    <dependency>
      <groupId>com.atlassian.refapp</groupId>
      <artifactId>atlassian-platform-plugins</artifactId>
      <version>2.7.0</version>
      <type>pom</type>
      <scope>import</scope>
    </dependency>
    <dependency>
      <groupId>com.atlassian.jira</groupId>
      <artifactId>jira-rest-api</artifactId>
      <version>6.2.6</version>
      <scope>provided</scope>
    </dependency>
    <dependency>
      <groupId>com.atlassian.jira</groupId>
      <artifactId>jira-rest-java-client-plugin</artifactId>
      <version>3.0.0</version>
      <scope>provided</scope>
    </dependency>
    <dependency>
      <groupId>com.atlassian.sal</groupId>
      <artifactId>sal-api</artifactId>
      <version>4.0.0-490c946</version>
      <scope>provided</scope>
    </dependency>
  </dependencies>
  <properties>
    <project.build.sourceEncoding>UTF-8</project.build.sourceEncoding>
  </properties>
</project>

